id,title,summary,website_id,fetched_on,link
1,10 Giant Loopholes That Businesses Use to Dodge Taxes - Business Insider,"U.S. corporations — like many Americans — exploit every available rule  in the tax code to minimize the taxes they pay. The United States has  one of the highest corporate tax rates in the world, at 35 percent (not  including any state levies), yet the actual amount in corporate taxes  that the government collects (“the effective tax rate”) is lower than  those of Germany, Canada, Japan and China, among others.",1,20250507,"http://www.businessinsider.com/corporate-tax-breaks-2011-2?op=1),"
2,Google Help,"Learn more about
Google's Product Experts Program",1,20250507,https://support.google.com/legal)
3,Intel Announces SSD DC P3608 Series,"Intel is introducing a new family of enterprise PCIe SSDs with the aim of outperforming their existing DC P3600 series and even beating the DC P3700 series in many metrics. To do this, they've essentially put two P3600 SSDs on to one expansion card and widened the interface to 8 lanes of PCIe 3.0. While this does come across as a bit of a quick and dirty solution, it is a very straightforward way for Intel to deliver higher performance, albeit at the cost of sharply increased power consumption.",1,20250507,http://www.anandtech.com/show/9646/intel-announces-ssd-dc-p3608-series)
4,Religion 'riskier than porn' for online viruses,"Web wanderers are more likely to get a computer virus by visiting a religious website than by peering at porn, according to a new study.",1,20120501,http://www.theage.com.au/digital-life/consumer-security/religion-riskier-than-porn-for-online-viruses-20120501-1xxx4
5,The resolution of the Bitcoin experiment | by Mike Hearn | Mike’s blog,"I’ve spent more than 5 years being a Bitcoin developer. The software I’ve written has been used by millions of users, hundreds of developers, and the talks I’ve given have led directly to the…",1,20160122,https://medium.com/@octskyward/the-resolution-of-the-bitcoin-experiment-dabb30201f7#.e8y13dzeo)
6,Which VPN Providers Take Privacy Seriously in 2024? * TorrentFreak,"To help you pick the best VPN, we asked dozens of VPNs to detail their logging practices, how they handle torrent users, and more.",1,20250507,https://torrentfreak.com/vpn-anonymous-review-160220/
7,Sony Group Portal - Sony Introduces VAIO Series PCs,Press Release,1,20250507,http://www.sony.net/SonyInfo/News/Press_Archive/199706/97CI-056/
8,Convoy of self-driving trucks completes first European cross-border trip | Self-driving cars | The Guardian,"‘Platoon’ of wireless-linked trucks arrives in Netherlands port city of Rotterdam, giving a glimpse of the future of road haulage",1,20160407,https://www.theguardian.com/technology/2016/apr/07/convoy-self-driving-trucks-completes-first-european-cross-border-trip
9,Biotech company to try bringing the dead back to life – New York Daily News,Lazarus may have some friends soon.,1,20160504,http://www.nydailynews.com/news/national/biotech-company-bringing-dead-back-life-article-1.2624329)
10,Releases · PowerShell/Win32-OpenSSH · GitHub,Win32 port of OpenSSH. Contribute to PowerShell/Win32-OpenSSH development by creating an account on GitHub.,1,20250507,https://github.com/PowerShell/Win32-OpenSSH/releases
11,Big Blue no more? The incredibly shrinking IBM,IBM's long decline hit a new milestone this week when the iconic company posted a 14-year low in quarterly sales. IBM's stock is now down 22% since Ginni Rometty took over as CEO in early 2012.,1,20250507,http://money.cnn.com/2016/04/19/investing/ibm-earnings-shrinking-14-year-low/
12,First Raspberry Pi Zero Hack – Piggy-Back WiFi. | Hackaday,And we have the first Raspberry Pi Zero hack! In less than 72 hours from the official release announcement [Shintaro] attached an Edimax WiFi USB Adapter directly to the USB solder pads on the Pi Zero. He couldn’t bear to disturb the small dimensions of the Pi Zero by using the USB On-the-Go (OTG). The OTG is needed to convert the micro-USB connector on the board to a full USB-A connector.,1,20151129,http://hackaday.com/2015/11/28/first-raspberry-pi-zero-hack-piggy-back-wifi/
13,Ad Measurement: Solutions for Improving Meta Ad Campaigns | Meta for Business,Unlock actionable insights with Meta's measurement solutions. Make data driven decisions with A/B testing & Conversion Lift measurement tools to maximize your business marketing efforts.,1,20250507,https://atlassolutions.com/
14,7-Eleven: Workers caught in cashback scam,A new more insidious wage rort is sweeping the nation's biggest convenience chain.,1,20150907,http://www.smh.com.au/business/workplace-relations/7eleven-workers-caught-in-cashback-scam-20150907-gjh0kt.html)
